<metadata xml:lang="en"><Esri><CreaDate>20170124</CreaDate><CreaTime>20462300</CreaTime><ArcGISFormat>1.0</ArcGISFormat><SyncOnce>FALSE</SyncOnce><DataProperties><lineage><Process ToolSource="e:\program files (x86)\arcgis\desktop10.3\ArcToolbox\Toolboxes\Data Management Tools.tbx\CreateFeatureclass" Date="20170124" Time="204623">CreateFeatureclass E:\code\Spatial\Connections\OPS$GEODATA_D2CS01.sde GEO2016_TRACT_P2G3_A POLYGON G:\\load\\en\\GEO\\2016\\spatial\geo_2016_g_01000_140_00_py_z6-20161229134606.shp SAME_AS_TEMPLATE SAME_AS_TEMPLATE "PROJCS['WGS_1984_Web_Mercator_Auxiliary_Sphere',GEOGCS['GCS_WGS_1984',DATUM['D_WGS_1984',SPHEROID['WGS_1984',6378137.0,298.257223563]],PRIMEM['Greenwich',0.0],UNIT['Degree',0.0174532925199433]],PROJECTION['Mercator_Auxiliary_Sphere'],PARAMETER['False_Easting',0.0],PARAMETER['False_Northing',0.0],PARAMETER['Central_Meridian',0.0],PARAMETER['Standard_Parallel_1',0.0],PARAMETER['Auxiliary_Sphere_Type',0.0],UNIT['Meter',1.0]];-20037700 -30241100 10000;-100000 10000;-100000 10000;0.001;0.001;0.001;IsHighPrecision" ST_GEOMETRY 0 0 0</Process><Process ToolSource="e:\program files (x86)\arcgis\desktop10.3\ArcToolbox\Toolboxes\Data Management Tools.tbx\ChangePrivileges" Date="20170124" Time="204624">ChangePrivileges E:\code\Spatial\Connections\OPS$GEODATA_D2CS01.sde\GEO2016_TRACT_P2G3_A SPATIAL_META2010_RW GRANT AS_IS</Process><Process ToolSource="e:\program files (x86)\arcgis\desktop10.3\ArcToolbox\Toolboxes\Data Management Tools.tbx\RemoveSpatialIndex" Date="20170124" Time="204625">RemoveSpatialIndex E:\code\Spatial\Connections\OPS$GEODATA_D2CS01.sde\GEO2016_TRACT_P2G3_A</Process><Process ToolSource="e:\program files (x86)\arcgis\desktop10.3\ArcToolbox\Toolboxes\Data Management Tools.tbx\Append" Date="20170124" Time="204637">Append G:\\load\\en\\GEO\\2016\\spatial\geo_2016_g_01000_140_00_py_z6-20161229134606.shp E:\code\Spatial\Connections\OPS$GEODATA_D2CS01.sde\GEO2016_TRACT_P2G3_A TEST # #</Process><Process ToolSource="e:\program files (x86)\arcgis\desktop10.3\ArcToolbox\Toolboxes\Data Management Tools.tbx\RemoveSpatialIndex" Date="20170125" Time="185048">RemoveSpatialIndex E:\code\Spatial\Connections\OPS$GEODATA_D2CS01.sde\GEO2016_TRACT_P2G3_A</Process><Process ToolSource="e:\program files (x86)\arcgis\desktop10.3\ArcToolbox\Toolboxes\Data Management Tools.tbx\AddSpatialIndex" Date="20170125" Time="185050">AddSpatialIndex E:\code\Spatial\Connections\OPS$GEODATA_D2CS01.sde\GEO2016_TRACT_P2G3_A 40000000 0 0</Process><Process ToolSource="e:\program files (x86)\arcgis\desktop10.3\ArcToolbox\Toolboxes\Data Management Tools.tbx\Append" Date="20170125" Time="220731">Append G:\\load\\en\\GEO\\2016\\spatial\geo_2016_g_01000_140_00_py_z6-20161229134606.shp E:\code\Spatial\Connections\OPS$GEODATA_D2CS01.sde\GEO2016_TRACT_P2G3_A TEST # #</Process><Process ToolSource="e:\program files (x86)\arcgis\desktop10.3\ArcToolbox\Toolboxes\Data Management Tools.tbx\Append" Date="20170125" Time="221200">Append G:\\load\\en\\GEO\\2016\\spatial\geo_2016_g_02000_140_00_py_z6-20161229134606.shp E:\code\Spatial\Connections\OPS$GEODATA_D2CS01.sde\GEO2016_TRACT_P2G3_A TEST # #</Process><Process ToolSource="e:\program files (x86)\arcgis\desktop10.3\ArcToolbox\Toolboxes\Data Management Tools.tbx\Append" Date="20170125" Time="221726">Append G:\\load\\en\\GEO\\2016\\spatial\geo_2016_g_04000_140_00_py_z6-20161229134606.shp E:\code\Spatial\Connections\OPS$GEODATA_D2CS01.sde\GEO2016_TRACT_P2G3_A TEST # #</Process><Process ToolSource="e:\program files (x86)\arcgis\desktop10.3\ArcToolbox\Toolboxes\Data Management Tools.tbx\Append" Date="20170125" Time="222135">Append G:\\load\\en\\GEO\\2016\\spatial\geo_2016_g_05000_140_00_py_z6-20161229134606.shp E:\code\Spatial\Connections\OPS$GEODATA_D2CS01.sde\GEO2016_TRACT_P2G3_A TEST # #</Process><Process ToolSource="e:\program files (x86)\arcgis\desktop10.3\ArcToolbox\Toolboxes\Data Management Tools.tbx\Append" Date="20170125" Time="222814">Append G:\\load\\en\\GEO\\2016\\spatial\geo_2016_g_06000_140_00_py_z6-20161229134606.shp E:\code\Spatial\Connections\OPS$GEODATA_D2CS01.sde\GEO2016_TRACT_P2G3_A TEST # #</Process><Process ToolSource="e:\program files (x86)\arcgis\desktop10.3\ArcToolbox\Toolboxes\Data Management Tools.tbx\Append" Date="20170125" Time="223308">Append G:\\load\\en\\GEO\\2016\\spatial\geo_2016_g_08000_140_00_py_z6-20161229134606.shp E:\code\Spatial\Connections\OPS$GEODATA_D2CS01.sde\GEO2016_TRACT_P2G3_A TEST # #</Process><Process ToolSource="e:\program files (x86)\arcgis\desktop10.3\ArcToolbox\Toolboxes\Data Management Tools.tbx\Append" Date="20170125" Time="224213">Append G:\\load\\en\\GEO\\2016\\spatial\geo_2016_g_09000_140_00_py_z6-20161229134606.shp E:\code\Spatial\Connections\OPS$GEODATA_D2CS01.sde\GEO2016_TRACT_P2G3_A TEST # #</Process><Process ToolSource="e:\program files (x86)\arcgis\desktop10.3\ArcToolbox\Toolboxes\Data Management Tools.tbx\Append" Date="20170125" Time="224701">Append G:\\load\\en\\GEO\\2016\\spatial\geo_2016_g_10000_140_00_py_z6-20161229134606.shp E:\code\Spatial\Connections\OPS$GEODATA_D2CS01.sde\GEO2016_TRACT_P2G3_A TEST # #</Process><Process ToolSource="e:\program files (x86)\arcgis\desktop10.3\ArcToolbox\Toolboxes\Data Management Tools.tbx\Append" Date="20170125" Time="225050">Append G:\\load\\en\\GEO\\2016\\spatial\geo_2016_g_11000_140_00_py_z6-20161229134606.shp E:\code\Spatial\Connections\OPS$GEODATA_D2CS01.sde\GEO2016_TRACT_P2G3_A TEST # #</Process><Process ToolSource="e:\program files (x86)\arcgis\desktop10.3\ArcToolbox\Toolboxes\Data Management Tools.tbx\Append" Date="20170125" Time="225621">Append G:\\load\\en\\GEO\\2016\\spatial\geo_2016_g_12000_140_00_py_z6-20161229134606.shp E:\code\Spatial\Connections\OPS$GEODATA_D2CS01.sde\GEO2016_TRACT_P2G3_A TEST # #</Process><Process ToolSource="e:\program files (x86)\arcgis\desktop10.3\ArcToolbox\Toolboxes\Data Management Tools.tbx\Append" Date="20170125" Time="230212">Append G:\\load\\en\\GEO\\2016\\spatial\geo_2016_g_13000_140_00_py_z6-20161229134606.shp E:\code\Spatial\Connections\OPS$GEODATA_D2CS01.sde\GEO2016_TRACT_P2G3_A TEST # #</Process><Process ToolSource="e:\program files (x86)\arcgis\desktop10.3\ArcToolbox\Toolboxes\Data Management Tools.tbx\Append" Date="20170125" Time="230634">Append G:\\load\\en\\GEO\\2016\\spatial\geo_2016_g_15000_140_00_py_z6-20161229134606.shp E:\code\Spatial\Connections\OPS$GEODATA_D2CS01.sde\GEO2016_TRACT_P2G3_A TEST # #</Process><Process ToolSource="e:\program files (x86)\arcgis\desktop10.3\ArcToolbox\Toolboxes\Data Management Tools.tbx\Append" Date="20170125" Time="231125">Append G:\\load\\en\\GEO\\2016\\spatial\geo_2016_g_16000_140_00_py_z6-20161229134606.shp E:\code\Spatial\Connections\OPS$GEODATA_D2CS01.sde\GEO2016_TRACT_P2G3_A TEST # #</Process><Process ToolSource="e:\program files (x86)\arcgis\desktop10.3\ArcToolbox\Toolboxes\Data Management Tools.tbx\Append" Date="20170125" Time="231705">Append G:\\load\\en\\GEO\\2016\\spatial\geo_2016_g_17000_140_00_py_z6-20161229134606.shp E:\code\Spatial\Connections\OPS$GEODATA_D2CS01.sde\GEO2016_TRACT_P2G3_A TEST # #</Process><Process ToolSource="e:\program files (x86)\arcgis\desktop10.3\ArcToolbox\Toolboxes\Data Management Tools.tbx\Append" Date="20170125" Time="232229">Append G:\\load\\en\\GEO\\2016\\spatial\geo_2016_g_18000_140_00_py_z6-20161229134606.shp E:\code\Spatial\Connections\OPS$GEODATA_D2CS01.sde\GEO2016_TRACT_P2G3_A TEST # #</Process><Process ToolSource="e:\program files (x86)\arcgis\desktop10.3\ArcToolbox\Toolboxes\Data Management Tools.tbx\Append" Date="20170125" Time="232750">Append G:\\load\\en\\GEO\\2016\\spatial\geo_2016_g_19000_140_00_py_z6-20161229134606.shp E:\code\Spatial\Connections\OPS$GEODATA_D2CS01.sde\GEO2016_TRACT_P2G3_A TEST # #</Process><Process ToolSource="e:\program files (x86)\arcgis\desktop10.3\ArcToolbox\Toolboxes\Data Management Tools.tbx\Append" Date="20170125" Time="233402">Append G:\\load\\en\\GEO\\2016\\spatial\geo_2016_g_20000_140_00_py_z6-20161229134606.shp E:\code\Spatial\Connections\OPS$GEODATA_D2CS01.sde\GEO2016_TRACT_P2G3_A TEST # #</Process><Process ToolSource="e:\program files (x86)\arcgis\desktop10.3\ArcToolbox\Toolboxes\Data Management Tools.tbx\Append" Date="20170125" Time="233917">Append G:\\load\\en\\GEO\\2016\\spatial\geo_2016_g_21000_140_00_py_z6-20161229134606.shp E:\code\Spatial\Connections\OPS$GEODATA_D2CS01.sde\GEO2016_TRACT_P2G3_A TEST # #</Process><Process ToolSource="e:\program files (x86)\arcgis\desktop10.3\ArcToolbox\Toolboxes\Data Management Tools.tbx\Append" Date="20170125" Time="234427">Append G:\\load\\en\\GEO\\2016\\spatial\geo_2016_g_22000_140_00_py_z6-20161229134606.shp E:\code\Spatial\Connections\OPS$GEODATA_D2CS01.sde\GEO2016_TRACT_P2G3_A TEST # #</Process><Process ToolSource="e:\program files (x86)\arcgis\desktop10.3\ArcToolbox\Toolboxes\Data Management Tools.tbx\Append" Date="20170125" Time="235106">Append G:\\load\\en\\GEO\\2016\\spatial\geo_2016_g_23000_140_00_py_z6-20161229134606.shp E:\code\Spatial\Connections\OPS$GEODATA_D2CS01.sde\GEO2016_TRACT_P2G3_A TEST # #</Process><Process ToolSource="e:\program files (x86)\arcgis\desktop10.3\ArcToolbox\Toolboxes\Data Management Tools.tbx\Append" Date="20170125" Time="235539">Append G:\\load\\en\\GEO\\2016\\spatial\geo_2016_g_24000_140_00_py_z6-20161229134606.shp E:\code\Spatial\Connections\OPS$GEODATA_D2CS01.sde\GEO2016_TRACT_P2G3_A TEST # #</Process><Process ToolSource="e:\program files (x86)\arcgis\desktop10.3\ArcToolbox\Toolboxes\Data Management Tools.tbx\Append" Date="20170126" Time="000319">Append G:\\load\\en\\GEO\\2016\\spatial\geo_2016_g_25000_140_00_py_z6-20161229134606.shp E:\code\Spatial\Connections\OPS$GEODATA_D2CS01.sde\GEO2016_TRACT_P2G3_A TEST # #</Process><Process ToolSource="e:\program files (x86)\arcgis\desktop10.3\ArcToolbox\Toolboxes\Data Management Tools.tbx\Append" Date="20170126" Time="000943">Append G:\\load\\en\\GEO\\2016\\spatial\geo_2016_g_26000_140_00_py_z6-20161229134606.shp E:\code\Spatial\Connections\OPS$GEODATA_D2CS01.sde\GEO2016_TRACT_P2G3_A TEST # #</Process><Process ToolSource="e:\program files (x86)\arcgis\desktop10.3\ArcToolbox\Toolboxes\Data Management Tools.tbx\Append" Date="20170126" Time="001601">Append G:\\load\\en\\GEO\\2016\\spatial\geo_2016_g_27000_140_00_py_z6-20161229134606.shp E:\code\Spatial\Connections\OPS$GEODATA_D2CS01.sde\GEO2016_TRACT_P2G3_A TEST # #</Process><Process ToolSource="e:\program files (x86)\arcgis\desktop10.3\ArcToolbox\Toolboxes\Data Management Tools.tbx\Append" Date="20170126" Time="002113">Append G:\\load\\en\\GEO\\2016\\spatial\geo_2016_g_28000_140_00_py_z6-20161229134606.shp E:\code\Spatial\Connections\OPS$GEODATA_D2CS01.sde\GEO2016_TRACT_P2G3_A TEST # #</Process><Process ToolSource="e:\program files (x86)\arcgis\desktop10.3\ArcToolbox\Toolboxes\Data Management Tools.tbx\Append" Date="20170126" Time="002635">Append G:\\load\\en\\GEO\\2016\\spatial\geo_2016_g_29000_140_00_py_z6-20161229134606.shp E:\code\Spatial\Connections\OPS$GEODATA_D2CS01.sde\GEO2016_TRACT_P2G3_A TEST # #</Process><Process ToolSource="e:\program files (x86)\arcgis\desktop10.3\ArcToolbox\Toolboxes\Data Management Tools.tbx\Append" Date="20170126" Time="003217">Append G:\\load\\en\\GEO\\2016\\spatial\geo_2016_g_30000_140_00_py_z6-20161229134606.shp E:\code\Spatial\Connections\OPS$GEODATA_D2CS01.sde\GEO2016_TRACT_P2G3_A TEST # #</Process><Process ToolSource="e:\program files (x86)\arcgis\desktop10.3\ArcToolbox\Toolboxes\Data Management Tools.tbx\Append" Date="20170126" Time="003754">Append G:\\load\\en\\GEO\\2016\\spatial\geo_2016_g_31000_140_00_py_z6-20161229134606.shp E:\code\Spatial\Connections\OPS$GEODATA_D2CS01.sde\GEO2016_TRACT_P2G3_A TEST # #</Process><Process ToolSource="e:\program files (x86)\arcgis\desktop10.3\ArcToolbox\Toolboxes\Data Management Tools.tbx\Append" Date="20170126" Time="004300">Append G:\\load\\en\\GEO\\2016\\spatial\geo_2016_g_32000_140_00_py_z6-20161229134606.shp E:\code\Spatial\Connections\OPS$GEODATA_D2CS01.sde\GEO2016_TRACT_P2G3_A TEST # #</Process><Process ToolSource="e:\program files (x86)\arcgis\desktop10.3\ArcToolbox\Toolboxes\Data Management Tools.tbx\Append" Date="20170126" Time="004918">Append G:\\load\\en\\GEO\\2016\\spatial\geo_2016_g_33000_140_00_py_z6-20161229134606.shp E:\code\Spatial\Connections\OPS$GEODATA_D2CS01.sde\GEO2016_TRACT_P2G3_A TEST # #</Process><Process ToolSource="e:\program files (x86)\arcgis\desktop10.3\ArcToolbox\Toolboxes\Data Management Tools.tbx\Append" Date="20170126" Time="005533">Append G:\\load\\en\\GEO\\2016\\spatial\geo_2016_g_34000_140_00_py_z6-20161229134606.shp E:\code\Spatial\Connections\OPS$GEODATA_D2CS01.sde\GEO2016_TRACT_P2G3_A TEST # #</Process><Process ToolSource="e:\program files (x86)\arcgis\desktop10.3\ArcToolbox\Toolboxes\Data Management Tools.tbx\Append" Date="20170126" Time="005925">Append G:\\load\\en\\GEO\\2016\\spatial\geo_2016_g_35000_140_00_py_z6-20161229134606.shp E:\code\Spatial\Connections\OPS$GEODATA_D2CS01.sde\GEO2016_TRACT_P2G3_A TEST # #</Process><Process ToolSource="e:\program files (x86)\arcgis\desktop10.3\ArcToolbox\Toolboxes\Data Management Tools.tbx\Append" Date="20170126" Time="010523">Append G:\\load\\en\\GEO\\2016\\spatial\geo_2016_g_36000_140_00_py_z6-20161229134606.shp E:\code\Spatial\Connections\OPS$GEODATA_D2CS01.sde\GEO2016_TRACT_P2G3_A TEST # #</Process><Process ToolSource="e:\program files (x86)\arcgis\desktop10.3\ArcToolbox\Toolboxes\Data Management Tools.tbx\Append" Date="20170126" Time="011119">Append G:\\load\\en\\GEO\\2016\\spatial\geo_2016_g_37000_140_00_py_z6-20161229134606.shp E:\code\Spatial\Connections\OPS$GEODATA_D2CS01.sde\GEO2016_TRACT_P2G3_A TEST # #</Process><Process ToolSource="e:\program files (x86)\arcgis\desktop10.3\ArcToolbox\Toolboxes\Data Management Tools.tbx\Append" Date="20170126" Time="011659">Append G:\\load\\en\\GEO\\2016\\spatial\geo_2016_g_38000_140_00_py_z6-20161229134606.shp E:\code\Spatial\Connections\OPS$GEODATA_D2CS01.sde\GEO2016_TRACT_P2G3_A TEST # #</Process><Process ToolSource="e:\program files (x86)\arcgis\desktop10.3\ArcToolbox\Toolboxes\Data Management Tools.tbx\Append" Date="20170126" Time="012209">Append G:\\load\\en\\GEO\\2016\\spatial\geo_2016_g_39000_140_00_py_z6-20161229134606.shp E:\code\Spatial\Connections\OPS$GEODATA_D2CS01.sde\GEO2016_TRACT_P2G3_A TEST # #</Process><Process ToolSource="e:\program files (x86)\arcgis\desktop10.3\ArcToolbox\Toolboxes\Data Management Tools.tbx\Append" Date="20170126" Time="012819">Append G:\\load\\en\\GEO\\2016\\spatial\geo_2016_g_40000_140_00_py_z6-20161229134606.shp E:\code\Spatial\Connections\OPS$GEODATA_D2CS01.sde\GEO2016_TRACT_P2G3_A TEST # #</Process><Process ToolSource="e:\program files (x86)\arcgis\desktop10.3\ArcToolbox\Toolboxes\Data Management Tools.tbx\Append" Date="20170126" Time="013406">Append G:\\load\\en\\GEO\\2016\\spatial\geo_2016_g_41000_140_00_py_z6-20161229134606.shp E:\code\Spatial\Connections\OPS$GEODATA_D2CS01.sde\GEO2016_TRACT_P2G3_A TEST # #</Process><Process ToolSource="e:\program files (x86)\arcgis\desktop10.3\ArcToolbox\Toolboxes\Data Management Tools.tbx\Append" Date="20170126" Time="013852">Append G:\\load\\en\\GEO\\2016\\spatial\geo_2016_g_42000_140_00_py_z6-20161229134606.shp E:\code\Spatial\Connections\OPS$GEODATA_D2CS01.sde\GEO2016_TRACT_P2G3_A TEST # #</Process><Process ToolSource="e:\program files (x86)\arcgis\desktop10.3\ArcToolbox\Toolboxes\Data Management Tools.tbx\Append" Date="20170126" Time="014546">Append G:\\load\\en\\GEO\\2016\\spatial\geo_2016_g_44000_140_00_py_z6-20161229134606.shp E:\code\Spatial\Connections\OPS$GEODATA_D2CS01.sde\GEO2016_TRACT_P2G3_A TEST # #</Process><Process ToolSource="e:\program files (x86)\arcgis\desktop10.3\ArcToolbox\Toolboxes\Data Management Tools.tbx\Append" Date="20170126" Time="015144">Append G:\\load\\en\\GEO\\2016\\spatial\geo_2016_g_45000_140_00_py_z6-20161229134606.shp E:\code\Spatial\Connections\OPS$GEODATA_D2CS01.sde\GEO2016_TRACT_P2G3_A TEST # #</Process><Process ToolSource="e:\program files (x86)\arcgis\desktop10.3\ArcToolbox\Toolboxes\Data Management Tools.tbx\Append" Date="20170126" Time="015703">Append G:\\load\\en\\GEO\\2016\\spatial\geo_2016_g_46000_140_00_py_z6-20161229134606.shp E:\code\Spatial\Connections\OPS$GEODATA_D2CS01.sde\GEO2016_TRACT_P2G3_A TEST # #</Process><Process ToolSource="e:\program files (x86)\arcgis\desktop10.3\ArcToolbox\Toolboxes\Data Management Tools.tbx\Append" Date="20170126" Time="020254">Append G:\\load\\en\\GEO\\2016\\spatial\geo_2016_g_47000_140_00_py_z6-20161229134606.shp E:\code\Spatial\Connections\OPS$GEODATA_D2CS01.sde\GEO2016_TRACT_P2G3_A TEST # #</Process><Process ToolSource="e:\program files (x86)\arcgis\desktop10.3\ArcToolbox\Toolboxes\Data Management Tools.tbx\Append" Date="20170126" Time="021011">Append G:\\load\\en\\GEO\\2016\\spatial\geo_2016_g_48000_140_00_py_z6-20161229134606.shp E:\code\Spatial\Connections\OPS$GEODATA_D2CS01.sde\GEO2016_TRACT_P2G3_A TEST # #</Process><Process ToolSource="e:\program files (x86)\arcgis\desktop10.3\ArcToolbox\Toolboxes\Data Management Tools.tbx\Append" Date="20170126" Time="021558">Append G:\\load\\en\\GEO\\2016\\spatial\geo_2016_g_49000_140_00_py_z6-20161229134606.shp E:\code\Spatial\Connections\OPS$GEODATA_D2CS01.sde\GEO2016_TRACT_P2G3_A TEST # #</Process><Process ToolSource="e:\program files (x86)\arcgis\desktop10.3\ArcToolbox\Toolboxes\Data Management Tools.tbx\Append" Date="20170126" Time="022123">Append G:\\load\\en\\GEO\\2016\\spatial\geo_2016_g_50000_140_00_py_z6-20161229134606.shp E:\code\Spatial\Connections\OPS$GEODATA_D2CS01.sde\GEO2016_TRACT_P2G3_A TEST # #</Process><Process ToolSource="e:\program files (x86)\arcgis\desktop10.3\ArcToolbox\Toolboxes\Data Management Tools.tbx\Append" Date="20170126" Time="022736">Append G:\\load\\en\\GEO\\2016\\spatial\geo_2016_g_51000_140_00_py_z6-20161229134606.shp E:\code\Spatial\Connections\OPS$GEODATA_D2CS01.sde\GEO2016_TRACT_P2G3_A TEST # #</Process><Process ToolSource="e:\program files (x86)\arcgis\desktop10.3\ArcToolbox\Toolboxes\Data Management Tools.tbx\Append" Date="20170126" Time="023327">Append G:\\load\\en\\GEO\\2016\\spatial\geo_2016_g_53000_140_00_py_z6-20161229134606.shp E:\code\Spatial\Connections\OPS$GEODATA_D2CS01.sde\GEO2016_TRACT_P2G3_A TEST # #</Process><Process ToolSource="e:\program files (x86)\arcgis\desktop10.3\ArcToolbox\Toolboxes\Data Management Tools.tbx\Append" Date="20170126" Time="023820">Append G:\\load\\en\\GEO\\2016\\spatial\geo_2016_g_54000_140_00_py_z6-20161229134606.shp E:\code\Spatial\Connections\OPS$GEODATA_D2CS01.sde\GEO2016_TRACT_P2G3_A TEST # #</Process><Process ToolSource="e:\program files (x86)\arcgis\desktop10.3\ArcToolbox\Toolboxes\Data Management Tools.tbx\Append" Date="20170126" Time="024422">Append G:\\load\\en\\GEO\\2016\\spatial\geo_2016_g_55000_140_00_py_z6-20161229134606.shp E:\code\Spatial\Connections\OPS$GEODATA_D2CS01.sde\GEO2016_TRACT_P2G3_A TEST # #</Process><Process ToolSource="e:\program files (x86)\arcgis\desktop10.3\ArcToolbox\Toolboxes\Data Management Tools.tbx\Append" Date="20170126" Time="025014">Append G:\\load\\en\\GEO\\2016\\spatial\geo_2016_g_56000_140_00_py_z6-20161229134606.shp E:\code\Spatial\Connections\OPS$GEODATA_D2CS01.sde\GEO2016_TRACT_P2G3_A TEST # #</Process><Process ToolSource="e:\program files (x86)\arcgis\desktop10.3\ArcToolbox\Toolboxes\Data Management Tools.tbx\Append" Date="20170126" Time="025254">Append G:\\load\\en\\GEO\\2016\\spatial\geo_2016_g_60000_140_00_py_z6-20161229134606.shp E:\code\Spatial\Connections\OPS$GEODATA_D2CS01.sde\GEO2016_TRACT_P2G3_A TEST # #</Process><Process ToolSource="e:\program files (x86)\arcgis\desktop10.3\ArcToolbox\Toolboxes\Data Management Tools.tbx\Append" Date="20170126" Time="025523">Append G:\\load\\en\\GEO\\2016\\spatial\geo_2016_g_66000_140_00_py_z6-20161229134606.shp E:\code\Spatial\Connections\OPS$GEODATA_D2CS01.sde\GEO2016_TRACT_P2G3_A TEST # #</Process><Process ToolSource="e:\program files (x86)\arcgis\desktop10.3\ArcToolbox\Toolboxes\Data Management Tools.tbx\Append" Date="20170126" Time="025756">Append G:\\load\\en\\GEO\\2016\\spatial\geo_2016_g_69000_140_00_py_z6-20161229134606.shp E:\code\Spatial\Connections\OPS$GEODATA_D2CS01.sde\GEO2016_TRACT_P2G3_A TEST # #</Process><Process ToolSource="e:\program files (x86)\arcgis\desktop10.3\ArcToolbox\Toolboxes\Data Management Tools.tbx\Append" Date="20170126" Time="030205">Append G:\\load\\en\\GEO\\2016\\spatial\geo_2016_g_72000_140_00_py_z6-20161229134606.shp E:\code\Spatial\Connections\OPS$GEODATA_D2CS01.sde\GEO2016_TRACT_P2G3_A TEST # #</Process><Process ToolSource="e:\program files (x86)\arcgis\desktop10.3\ArcToolbox\Toolboxes\Data Management Tools.tbx\Append" Date="20170126" Time="030521">Append G:\\load\\en\\GEO\\2016\\spatial\geo_2016_g_78000_140_00_py_z6-20161229134606.shp E:\code\Spatial\Connections\OPS$GEODATA_D2CS01.sde\GEO2016_TRACT_P2G3_A TEST # #</Process><Process ToolSource="e:\program files (x86)\arcgis\desktop10.3\ArcToolbox\Toolboxes\Data Management Tools.tbx\RemoveSpatialIndex" Date="20170126" Time="035703">RemoveSpatialIndex E:\code\Spatial\Connections\OPS$GEODATA_D2CS01.sde\GEO2016_TRACT_P2G3_A</Process><Process ToolSource="e:\program files (x86)\arcgis\desktop10.3\ArcToolbox\Toolboxes\Data Management Tools.tbx\AddSpatialIndex" Date="20170126" Time="035710">AddSpatialIndex E:\code\Spatial\Connections\OPS$GEODATA_D2CS01.sde\GEO2016_TRACT_P2G3_A 76000 6764000 0</Process></lineage><itemProps><itemName Sync="TRUE">EUS0</itemName><imsContentType Sync="TRUE">002</imsContentType><nativeExtBox><westBL Sync="TRUE">-19942765.326100</westBL><eastBL Sync="TRUE">20012847.736000</eastBL><southBL Sync="TRUE">-1637243.588500</southBL><northBL Sync="TRUE">11528300.567800</northBL><exTypeCode Sync="TRUE">1</exTypeCode></nativeExtBox><itemLocation><linkage Sync="TRUE">file://\\DADSB305\E$\arcgisserver\directories\arcgisjobs\shapedownload_gpserver\j9527995be384417486003bdb07b6d926\scratch\EUS0.shp</linkage><protocol Sync="TRUE">Local Area Network</protocol></itemLocation><itemSize Sync="TRUE">0.000</itemSize></itemProps><coordRef><type Sync="TRUE">Projected</type><geogcsn Sync="TRUE">GCS_WGS_1984</geogcsn><csUnits Sync="TRUE">Linear Unit: Meter (1.000000)</csUnits><projcsn Sync="TRUE">WGS_1984_Web_Mercator_Auxiliary_Sphere</projcsn><peXml Sync="TRUE">&lt;ProjectedCoordinateSystem xsi:type='typens:ProjectedCoordinateSystem' xmlns:xsi='http://www.w3.org/2001/XMLSchema-instance' xmlns:xs='http://www.w3.org/2001/XMLSchema' xmlns:typens='http://www.esri.com/schemas/ArcGIS/10.3'&gt;&lt;WKT&gt;PROJCS[&amp;quot;WGS_1984_Web_Mercator_Auxiliary_Sphere&amp;quot;,GEOGCS[&amp;quot;GCS_WGS_1984&amp;quot;,DATUM[&amp;quot;D_WGS_1984&amp;quot;,SPHEROID[&amp;quot;WGS_1984&amp;quot;,6378137.0,298.257223563]],PRIMEM[&amp;quot;Greenwich&amp;quot;,0.0],UNIT[&amp;quot;Degree&amp;quot;,0.0174532925199433]],PROJECTION[&amp;quot;Mercator_Auxiliary_Sphere&amp;quot;],PARAMETER[&amp;quot;False_Easting&amp;quot;,0.0],PARAMETER[&amp;quot;False_Northing&amp;quot;,0.0],PARAMETER[&amp;quot;Central_Meridian&amp;quot;,0.0],PARAMETER[&amp;quot;Standard_Parallel_1&amp;quot;,0.0],PARAMETER[&amp;quot;Auxiliary_Sphere_Type&amp;quot;,0.0],UNIT[&amp;quot;Meter&amp;quot;,1.0],AUTHORITY[&amp;quot;EPSG&amp;quot;,3857]]&lt;/WKT&gt;&lt;XOrigin&gt;-20037700&lt;/XOrigin&gt;&lt;YOrigin&gt;-30241100&lt;/YOrigin&gt;&lt;XYScale&gt;148923141.92838538&lt;/XYScale&gt;&lt;ZOrigin&gt;-100000&lt;/ZOrigin&gt;&lt;ZScale&gt;10000&lt;/ZScale&gt;&lt;MOrigin&gt;-100000&lt;/MOrigin&gt;&lt;MScale&gt;10000&lt;/MScale&gt;&lt;XYTolerance&gt;0.001&lt;/XYTolerance&gt;&lt;ZTolerance&gt;0.001&lt;/ZTolerance&gt;&lt;MTolerance&gt;0.001&lt;/MTolerance&gt;&lt;HighPrecision&gt;true&lt;/HighPrecision&gt;&lt;WKID&gt;102100&lt;/WKID&gt;&lt;LatestWKID&gt;3857&lt;/LatestWKID&gt;&lt;/ProjectedCoordinateSystem&gt;</peXml></coordRef></DataProperties><SyncDate>20180814</SyncDate><SyncTime>08593300</SyncTime><ModDate>20180814</ModDate><ModTime>08593300</ModTime></Esri><dataIdInfo><envirDesc Sync="TRUE">Microsoft Windows Server 2008 R2 Version 6.1 (Build 7601) Service Pack 1; Esri ArcGIS 10.3.1.4959</envirDesc><dataLang><languageCode value="eng" Sync="TRUE"></languageCode><countryCode value="USA" Sync="TRUE"></countryCode></dataLang><idCitation><resTitle Sync="TRUE">EUS0</resTitle><presForm><PresFormCd value="005" Sync="TRUE"></PresFormCd></presForm></idCitation><spatRpType><SpatRepTypCd value="001" Sync="TRUE"></SpatRepTypCd></spatRpType><dataExt><geoEle><GeoBndBox esriExtentType="search"><exTypeCode Sync="TRUE">1</exTypeCode><westBL Sync="TRUE">-179.148909</westBL><eastBL Sync="TRUE">179.778470</eastBL><northBL Sync="TRUE">71.365162</northBL><southBL Sync="TRUE">-14.548699</southBL></GeoBndBox></geoEle></dataExt></dataIdInfo><mdLang><languageCode value="eng" Sync="TRUE"></languageCode><countryCode value="USA" Sync="TRUE"></countryCode></mdLang><distInfo><distFormat><formatName Sync="TRUE">Shapefile</formatName></distFormat><distTranOps><transSize Sync="TRUE">0.000</transSize></distTranOps></distInfo><mdHrLv><ScopeCd value="005" Sync="TRUE"></ScopeCd></mdHrLv><mdHrLvName Sync="TRUE">dataset</mdHrLvName><refSysInfo><RefSystem><refSysID><identCode code="3857" Sync="TRUE"></identCode><idCodeSpace Sync="TRUE">EPSG</idCodeSpace><idVersion Sync="TRUE">8.6.2</idVersion></refSysID></RefSystem></refSysInfo><spatRepInfo><VectSpatRep><geometObjs Name="EUS0"><geoObjTyp><GeoObjTypCd value="002" Sync="TRUE"></GeoObjTypCd></geoObjTyp><geoObjCnt Sync="TRUE">0</geoObjCnt></geometObjs><topLvl><TopoLevCd value="001" Sync="TRUE"></TopoLevCd></topLvl></VectSpatRep></spatRepInfo><spdoinfo><ptvctinf><esriterm Name="EUS0"><efeatyp Sync="TRUE">Simple</efeatyp><efeageom code="4" Sync="TRUE"></efeageom><esritopo Sync="TRUE">FALSE</esritopo><efeacnt Sync="TRUE">0</efeacnt><spindex Sync="TRUE">FALSE</spindex><linrefer Sync="TRUE">FALSE</linrefer></esriterm></ptvctinf></spdoinfo><eainfo><detailed Name="EUS0"><enttyp><enttypl Sync="TRUE">EUS0</enttypl><enttypt Sync="TRUE">Feature Class</enttypt><enttypc Sync="TRUE">0</enttypc></enttyp><attr><attrlabl Sync="TRUE">FID</attrlabl><attalias Sync="TRUE">FID</attalias><attrtype Sync="TRUE">OID</attrtype><attwidth Sync="TRUE">4</attwidth><atprecis Sync="TRUE">0</atprecis><attscale Sync="TRUE">0</attscale><attrdef Sync="TRUE">Internal feature number.</attrdef><attrdefs Sync="TRUE">Esri</attrdefs><attrdomv><udom Sync="TRUE">Sequential unique whole numbers that are automatically generated.</udom></attrdomv></attr><attr><attrlabl Sync="TRUE">GEO_ID</attrlabl><attalias Sync="TRUE">GEO_ID</attalias><attrtype Sync="TRUE">String</attrtype><attwidth Sync="TRUE">60</attwidth><atprecis Sync="TRUE">0</atprecis><attscale Sync="TRUE">0</attscale></attr><attr><attrlabl Sync="TRUE">STATE</attrlabl><attalias Sync="TRUE">STATE</attalias><attrtype Sync="TRUE">String</attrtype><attwidth Sync="TRUE">2</attwidth><atprecis Sync="TRUE">0</atprecis><attscale Sync="TRUE">0</attscale></attr><attr><attrlabl Sync="TRUE">COUNTY</attrlabl><attalias Sync="TRUE">COUNTY</attalias><attrtype Sync="TRUE">String</attrtype><attwidth Sync="TRUE">3</attwidth><atprecis Sync="TRUE">0</atprecis><attscale Sync="TRUE">0</attscale></attr><attr><attrlabl Sync="TRUE">TRACT</attrlabl><attalias Sync="TRUE">TRACT</attalias><attrtype Sync="TRUE">String</attrtype><attwidth Sync="TRUE">6</attwidth><atprecis Sync="TRUE">0</atprecis><attscale Sync="TRUE">0</attscale></attr><attr><attrlabl Sync="TRUE">NAME</attrlabl><attalias Sync="TRUE">NAME</attalias><attrtype Sync="TRUE">String</attrtype><attwidth Sync="TRUE">90</attwidth><atprecis Sync="TRUE">0</atprecis><attscale Sync="TRUE">0</attscale></attr><attr><attrlabl Sync="TRUE">LSAD</attrlabl><attalias Sync="TRUE">LSAD</attalias><attrtype Sync="TRUE">String</attrtype><attwidth Sync="TRUE">7</attwidth><atprecis Sync="TRUE">0</atprecis><attscale Sync="TRUE">0</attscale></attr><attr><attrlabl Sync="TRUE">SHAPE</attrlabl><attalias Sync="TRUE">Shape</attalias><attrtype Sync="TRUE">Geometry</attrtype><attwidth Sync="TRUE">0</attwidth><atprecis Sync="TRUE">0</atprecis><attscale Sync="TRUE">0</attscale><attrdef Sync="TRUE">Feature geometry.</attrdef><attrdefs Sync="TRUE">Esri</attrdefs><attrdomv><udom Sync="TRUE">Coordinates defining the features.</udom></attrdomv></attr><attr><attrlabl Sync="TRUE">SHAPE_AREA</attrlabl><attalias Sync="TRUE">SHAPE_AREA</attalias><attrtype Sync="TRUE">Double</attrtype><attwidth Sync="TRUE">19</attwidth><atprecis Sync="TRUE">0</atprecis><attscale Sync="TRUE">0</attscale><attrdef Sync="TRUE">Area of feature in internal units squared.</attrdef><attrdefs Sync="TRUE">Esri</attrdefs><attrdomv><udom Sync="TRUE">Positive real numbers that are automatically generated.</udom></attrdomv></attr><attr><attrlabl Sync="TRUE">SHAPE_LEN</attrlabl><attalias Sync="TRUE">SHAPE_LEN</attalias><attrtype Sync="TRUE">Double</attrtype><attwidth Sync="TRUE">19</attwidth><atprecis Sync="TRUE">0</atprecis><attscale Sync="TRUE">0</attscale></attr></detailed></eainfo><mdDateSt Sync="TRUE">20180814</mdDateSt></metadata>
